{
  "mean": [
    -3.0260586738586426,
    -2.865001678466797,
    -2.709864854812622,
    -2.517987012863159,
    -2.343188524246216,
    -2.2235963344573975,
    -2.0994417667388916,
    -1.9711949825286865,
    -1.8401230573654175,
    -1.736335039138794,
    -1.5604840517044067,
    -1.514707088470459,
    -1.6030882596969604,
    -1.5859813690185547,
    -1.5923508405685425,
    -1.5518264770507812,
    -1.5585994720458984,
    -1.5680360794067383,
    -1.5506757497787476,
    -1.5374255180358887,
    -1.516745686531067,
    -1.5663479566574097,
    -1.5639346837997437,
    -1.599135160446167,
    -1.6597809791564941,
    -1.6460977792739868,
    -1.6381254196166992,
    -1.5613956451416016,
    -1.5596240758895874,
    -1.5665826797485352,
    -1.5699599981307983,
    -1.554621934890747,
    -1.5411733388900757,
    -1.5980793237686157,
    -1.6582759618759155,
    -1.703007698059082,
    -1.7136398553848267,
    -1.754637360572815,
    -1.7799594402313232,
    -1.8047846555709839,
    -1.836018681526184,
    -1.8904207944869995,
    -1.9358234405517578,
    -1.9400914907455444,
    -1.98885178565979,
    -2.0252771377563477,
    -2.0989990234375,
    -2.112163543701172,
    -2.111650228500366,
    -2.1619694232940674,
    -2.160540819168091,
    -2.212928533554077,
    -2.231653928756714,
    -2.288666248321533,
    -2.3316009044647217,
    -2.3508317470550537,
    -2.4260165691375732,
    -2.4522454738616943,
    -2.5332753658294678,
    -2.556281805038452,
    -2.5858235359191895,
    -2.644857406616211,
    -2.6631529331207275,
    -2.723958730697632,
    -2.7357163429260254,
    -2.784498453140259,
    -2.808659315109253,
    -2.817150831222534,
    -2.8780677318573,
    -2.897176742553711,
    -2.9841156005859375,
    -3.0184521675109863,
    -3.0589706897735596,
    -3.112236738204956,
    -3.1284990310668945,
    -3.1779322624206543,
    -3.19559383392334,
    -3.2757999897003174,
    -3.358504295349121,
    -3.4254679679870605,
    -3.496678590774536,
    -3.535792589187622,
    -3.6053619384765625,
    -3.6986727714538574
  ],
  "std": [
    1.767019510269165,
    1.7930575609207153,
    1.8218958377838135,
    1.859215497970581,
    1.9045801162719727,
    1.941264271736145,
    1.9817085266113281,
    2.001278877258301,
    2.011324405670166,
    2.0144290924072266,
    1.9138480424880981,
    1.9310286045074463,
    2.045454263687134,
    2.0522854328155518,
    2.048572063446045,
    2.0205864906311035,
    2.018220901489258,
    2.002570152282715,
    1.988011121749878,
    1.9773026704788208,
    1.9475826025009155,
    1.9644206762313843,
    1.8960376977920532,
    1.896223545074463,
    1.9451497793197632,
    1.9151787757873535,
    1.9175591468811035,
    1.8533475399017334,
    1.8568304777145386,
    1.8026255369186401,
    1.7876747846603394,
    1.8116284608840942,
    1.735539197921753,
    1.7649685144424438,
    1.7145088911056519,
    1.7220096588134766,
    1.7238209247589111,
    1.6885936260223389,
    1.7085856199264526,
    1.6605439186096191,
    1.7056427001953125,
    1.6852973699569702,
    1.6848968267440796,
    1.7052067518234253,
    1.669624924659729,
    1.6993240118026733,
    1.676590919494629,
    1.6938742399215698,
    1.6911464929580688,
    1.6805477142333984,
    1.706299901008606,
    1.691933512687683,
    1.7160804271697998,
    1.7050845623016357,
    1.7069826126098633,
    1.7102124691009521,
    1.6916792392730713,
    1.7066569328308105,
    1.6892389059066772,
    1.7051724195480347,
    1.7040432691574097,
    1.6980208158493042,
    1.7038648128509521,
    1.69480562210083,
    1.70602548122406,
    1.696715235710144,
    1.7006886005401611,
    1.704917550086975,
    1.7006144523620605,
    1.702921986579895,
    1.6940032243728638,
    1.6982730627059937,
    1.6987669467926025,
    1.6962454319000244,
    1.6966663599014282,
    1.693591833114624,
    1.699920415878296,
    1.7004420757293701,
    1.7002428770065308,
    1.7039637565612793,
    1.7022500038146973,
    1.7095290422439575,
    1.7180136442184448,
    1.7237627506256104
  ]
}